<?xml version="1.0" encoding="UTF-8"?>

<beans xmlns="http://www.springframework.org/schema/beans" xmlns:xsi="http://www.w3.org/2001/XMLSchema-instance" xmlns:sec="http://www.springframework.org/schema/security"
	xmlns:mvc="http://www.springframework.org/schema/mvc" xmlns:context="http://www.springframework.org/schema/context"
	xsi:schemaLocation="http://www.springframework.org/schema/mvc http://www.springframework.org/schema/mvc/spring-mvc.xsd
		http://www.springframework.org/schema/beans http://www.springframework.org/schema/beans/spring-beans.xsd
		http://www.springframework.org/schema/security http://www.springframework.org/schema/security/spring-security.xsd
		http://www.springframework.org/schema/context http://www.springframework.org/schema/context/spring-context.xsd">

    <mvc:annotation-driven />

	<mvc:cors>
		<mvc:mapping path="/**" allowed-origins="*"	allowed-methods="*"	allowed-headers="*"	exposed-headers="x-auth-token" allow-credentials="false"/>
	</mvc:cors>

	<!-- Configure to plugin JSON as request and response in method handler -->
    <bean class="org.springframework.web.servlet.mvc.method.annotation.RequestMappingHandlerAdapter">
        <property name="messageConverters">
            <list>
                <ref bean="jsonMessageConverter"/>
            </list>
        </property>
    </bean>
     
    <!-- Configure bean to convert JSON to POJO and vice versa -->
    <bean id="jsonMessageConverter" class="org.springframework.http.converter.json.MappingJackson2HttpMessageConverter"></bean> 
    
    <context:component-scan base-package="com.drona.controllers" />

	<bean id="ds" class="org.springframework.jdbc.datasource.DriverManagerDataSource">
		<property name="driverClassName" value="com.mysql.jdbc.Driver"></property>
		<property name="url" value="jdbc:mysql://localhost:3306/inventorydb?allowPublicKeyRetrieval=true&amp;useSSL=false"></property>
		<property name="username" value="root"></property>
		<property name="password" value="Achyut@123"></property>
	</bean>

	<bean id="jt" class="org.springframework.jdbc.core.JdbcTemplate">
		<property name="dataSource" ref="ds"></property>
	</bean>

	<bean id="medicineDAOImpl" class="com.drona.implementation.MedicineDAOImpl">
		<property name="template" ref="jt"></property>
	</bean>
	<bean id="medicineTransactionDAOImpl" class="com.drona.implementation.MedicineTransactionDAOImpl">
		<property name="template" ref="jt"></property>
	</bean>
	<bean id="usersDAOImpl" class="com.drona.implementation.UsersDAOImpl">
		<property name="template" ref="jt"></property>
	</bean>
</beans>
